{"factual_loss": 3.6837728364127025, "factual_ppl": 39.79625595618282, "adaptation_loss": 3.966960657210577, "adaptation_ppl": 52.823737165244125}