{"factual_loss": 3.650630678449358, "factual_ppl": 38.498938845115646, "adaptation_loss": 3.7644764468783425, "adaptation_ppl": 43.141113281638276}