{"factual_loss": 3.6970250493004206, "factual_ppl": 40.32715443233497, "adaptation_loss": 4.094208036150251, "adaptation_ppl": 59.99180899484461}